ID,Name,Occupation,Salary
826-76-4262,Elfriede Pounds,Courier,"$52,098"
836-62-6744,Ferne Stepp,Fork-lift driver,"$119,195"
946-22-4415,Lasandra Casteel,Coroner,"$66,506"
173-18-5854,Ileana Hester,Optician,"$67,394"
378-98-5321,Jennell Dunning,Miner,"$39,625"
582-61-9494,Destiny Lund,Postal delivery worker,"$84,156"
952-89-4346,Ashlea Nickerson,Anaesthetist,"$92,063"
751-52-8746,Sherise Gamble,Psychologist,"$32,519"
992-83-6418,Yasmin Givens,Curator,"$31,288"
368-74-9339,Tommie Esposito,Lighthouse keeper,"$111,444"
642-16-3468,Dalene Carmichael,Park-keeper,"$84,079"
591-68-9395,Annalee Layman,Tarot Reader,"$67,553"
914-64-1426,Callie Mcreynolds,Chef,"$49,188"
475-73-3383,Mayola Freed,Journalist,"$85,742"
188-45-2584,Merri Richter,Air traffic controller,"$77,937"
736-67-9889,Beau Hayward,Police officer,"$81,056"
971-32-7898,Cordelia Bostick,Tax inspector,"$41,896"
737-69-8289,Gearldine Kirkwood,Dental nurse,"$52,003"
955-23-6534,Brinda Lafferty,Pawnbroker,"$50,360"
249-44-4441,Blake Herzog,Designer,"$47,700"
266-18-5171,Muoi Knudsen,Toilet attendant,"$74,417"
449-61-7864,Lan Holden,Secretary,"$58,623"
792-65-1932,Wilhelmina Robinette,Mortician,"$50,125"
867-29-4481,Kristian Fife,Scientist,"$50,380"
713-12-2733,Delena Cuevas,Priest,"$28,724"
182-27-1111,Eliza Singh,Gas fitter,"$84,156"
915-94-7139,Britt Jacoby,Lifeguard,"$39,137"
758-66-1664,Fernande Cordova,Gamekeeper,"$74,211"
945-54-6534,Celine Thibodeaux,Tattooist,"$113,836"
227-44-6552,Michal Seay,Sailor,"$42,523"
428-92-4317,Vita Cleary,Marketing director,"$46,318"
335-28-5598,Dorotha Dozier,Legal secretary,"$99,230"
131-88-5249,Debbi Vanmeter,Road sweeper,"$50,253"
995-93-1335,Octavio English,Shoemaker,"$86,265"
746-89-8178,Reena Mcclain,Pilot,"$29,453"
871-12-3258,Toccara Raines,Beauty therapist,"$37,426"
192-22-8439,Faviola Tam,Oil rig crew,"$67,866"
197-67-5353,Deangelo Dawkins,Leaflet distributor,"$101,485"
117-21-7655,Gregoria Schreiber,Landowner,"$72,098"
842-24-7184,Pamala Rushing,Events organiser,"$111,612"
561-59-9981,Nyla Escobedo,Architect,"$47,548"
668-49-4713,Roseline Pickering,Counsellor,"$48,120"
345-78-6682,Alpha Jean,Producer,"$27,174"
322-73-9626,Dorene Totten,Sportsperson,"$96,598"
448-93-4443,Theresia Merrick,Art critic,"$32,395"
931-54-4753,Lida Naquin,Probation officer,"$85,385"
995-67-2257,Bebe Kiefer,Magician,"$115,673"
549-29-7318,Florentino Thiel,Lap dancer,"$26,496"
213-85-6168,Tommy Nobles,Racing driver,"$87,215"
463-15-4255,Jackson Johns,Conservationist,"$59,998"
166-53-6828,Ronna Ocampo,Chimney sweep,"$52,489"
768-78-1494,Nova Russ,Fisherman/woman,"$120,564"
831-42-6171,Shaquana Corrigan,Oil rig crew,"$98,018"
119-79-1225,Tula Samples,Retired,"$54,318"
283-57-6862,Mica Hamblin,Composer,"$89,791"
313-16-9433,Kristofer Hogue,Software consultant,"$98,132"
977-62-7865,Maribeth Root,Musician,"$71,133"
213-96-7125,Olevia Greathouse,Laboratory technician,"$90,859"
724-53-8998,Cornell Olvera,Refuse collector,"$86,093"
843-17-2319,Cyril Lockwood,Barber,"$76,288"
324-21-4548,Lisandra Whaley,Farmer,"$50,926"
813-84-1458,Latrina Israel,Lock keeper,"$106,716"
952-18-8753,Alejandra Shepherd,Pickpocket,"$123,782"
447-75-6462,Alyse Smalley,Producer,"$50,513"
851-74-6919,Maryalice Dehart,Historian,"$93,975"
339-32-4596,Jone Goins,Farm worker,"$37,327"
592-35-9894,Evelyne Ryder,Occupational therapist,"$70,943"
523-57-2228,Aimee Rohr,Software consultant,"$46,226"
913-85-6666,Margart Shearer,Chimney sweep,"$79,781"
749-38-7142,Regine Wentworth,Carpenter,"$62,784"
892-93-1695,Maisha Warden,Shop assistant,"$105,261"
568-71-6556,Valarie Acuna,Landscape gardener,"$78,795"
746-28-8328,Robby Schumacher,Archaeologist,"$117,456"
624-62-8389,Toshiko Crowley,School crossing warden,"$123,121"
229-39-5786,Belia Eason,Bailiff,"$101,995"
959-74-2575,Trula Sell,Fashion designer,"$56,578"
847-35-3225,Teodoro Raley,Paramedic,"$84,859"
256-68-4834,Charita Hawthorne,Counsellor,"$80,891"
357-64-8932,Freeda Pippin,Secretary,"$67,121"
632-54-4387,Sonny Culp,Accountant,"$89,132"
381-14-7476,Tesha Strauss,Bus driver,"$41,952"
781-24-5687,Trinity Melendez,Management consultant,"$38,113"
574-41-6359,Leeanne Lai,Chauffeur,"$34,057"
726-17-8998,Merrill Schulz,Administrator,"$93,649"
845-98-1836,Hyo Phan,Park-keeper,"$74,942"
264-78-4811,Deane Gleason,Editor,"$39,967"
729-87-2986,Carol Lehmann,Economist,"$69,271"
292-37-4269,Anthony Ledesma,Air traffic controller,"$112,561"
783-76-7479,Leo Macon,Events organiser,"$122,056"
652-31-1683,Karoline Mckenney,Diplomat,"$99,461"
777-87-1582,Sacha Poulin,Events organiser,"$115,062"
418-42-3118,Malka Billiot,Musician,"$83,106"
713-74-4456,Shizuko Hooker,Illustrator,"$90,584"
389-61-7391,Emerald Gregg,Comedian,"$44,972"
295-77-1373,Carolin Talbot,Carpet fitter,"$103,925"
731-19-8818,Bianca Van,Shoemaker,"$85,822"
661-86-9534,Rochell Faulkner,Air traffic controller,"$100,879"
671-28-8696,Leisha Swank,Barber,"$89,094"
125-12-7771,Vivienne Farias,Television presenter,"$73,856"
786-59-7874,Lilly Christie,Leaflet distributor,"$64,584"
733-99-3728,Tambra Hare,Pilot,"$95,571"
171-28-8784,Sierra Sousa,Economist,"$101,659"
848-53-4731,Gracia Hillman,Barrister,"$98,465"
812-43-3211,Etsuko Serrano,Bar staff,"$62,971"
232-56-6821,Etta Ferrari,Sculptor,"$29,944"
633-25-3226,Rosena Dupont,Literary agent,"$105,375"
936-53-8867,Nobuko Benedict,Bodyguard,"$63,056"
975-73-1128,Jerry Stoll,Debt collector,"$105,793"
838-15-6171,Benita Worth,Scientist,"$68,212"
771-94-1172,Laci Malley,Plasterer,"$95,683"
571-57-2547,Brunilda Emerson,Security guard,"$65,935"
974-84-8417,Hortense Prince,Pathologist,"$73,716"
949-35-1613,Charissa Gooch,Mortician,"$93,506"
197-55-4689,Lolita Mcdade,Fork-lift driver,"$124,571"
195-64-9567,Bettie Stillwell,Crown prosecutor,"$25,331"
545-85-9894,Carmen Haller,Kennel worker,"$65,322"
747-91-5439,Dell Callahan,Coastguard,"$52,257"
279-61-8865,Zenaida Spicer,Preacher,"$35,160"
223-13-4461,Lauren Hamlin,Events organiser,"$31,507"
494-86-9782,Freeda Labbe,Missionary,"$25,812"
992-38-9938,Abe Oaks,Drug dealer,"$62,685"
512-37-8731,Stephan Jacques,Circus worker,"$27,911"
952-31-9434,Louann Stock,Health visitor,"$42,222"
855-94-8729,Sherlene Dow,Childcare worker,"$57,340"
839-34-3546,Kylie Mcgrath,Housekeeper,"$78,076"
986-57-3775,Gretta Schott,Broadcaster,"$40,421"
988-56-8794,Jospeh Everhart,Horticulturalist,"$116,637"
694-28-8551,Bertie Huey,Boat builder,"$85,963"
768-69-3798,Sydney Wick,Aircraft engineer,"$110,843"
155-84-2517,Kandra Parrish,Prison officer,"$96,664"
462-87-5726,Jamison Cochran,Shop assistant,"$90,719"
875-95-6763,Tamar Bickford,Bailiff,"$70,206"
984-25-8218,Quyen Leroy,Lap dancer,"$41,176"
115-52-7529,Kirby Phan,Postal delivery worker,"$110,024"
369-78-1349,Lucius Coppola,Curator,"$52,446"
193-95-2433,Miesha Crittenden,Bricklayer,"$38,310"
569-72-4127,Carolynn Barraza,Computer programmer,"$103,793"
966-18-2527,Leonie Boehm,Lift engineer,"$36,401"
957-39-6791,Kimberely Teal,Bank clerk,"$107,960"
257-11-3581,Grazyna Shank,Priest,"$110,033"
538-71-9855,Bethanie Hester,Picture framer,"$70,353"
315-51-7699,Nickole Cota,Sailor,"$103,893"
524-24-3158,Walter Rigsby,Osteopath,"$43,001"
698-72-6155,Carroll Mcnutt,Film director,"$107,774"
219-42-1428,Marguerita Kendall,Archivist,"$96,354"
633-75-4528,Pamula Potts,Craftsperson,"$57,354"
687-11-4675,Kristeen Hilton,Coastguard,"$76,214"
761-39-5439,Charlott Thrash,Travel agent,"$67,206"
522-72-8659,Zita Denson,Radio presenter,"$64,029"
118-22-9366,Vanetta Whittaker,Paramedic,"$38,708"
962-98-3195,Ermelinda Krebs,Toilet attendant,"$95,309"
831-53-4121,Neville Brennan,Road sweeper,"$101,775"
653-46-6892,In Reagan,Carpenter,"$97,325"
219-44-5495,Buford Sauer,Councillor,"$68,934"
735-85-8697,Estrella Hanes,Lap dancer,"$112,141"
513-89-9967,Kemberly Mckay,Unemployed,"$31,907"
984-21-8828,Chau Newby,Building labourer,"$45,944"
818-73-4935,Dwain Caron,Antique dealer,"$123,783"
117-16-6841,Marissa Archie,Fork-lift driver,"$38,856"
231-84-2776,Mose Eckert,Tax inspector,"$61,570"
737-62-9691,Denna Doll,Local govt worker,"$95,319"
388-33-6847,Jarrett Meacham,Dental nurse,"$65,442"
532-15-7962,Morton Orr,Prostitute,"$39,601"
938-15-9486,Herb Smallwood,Bookmaker,"$93,478"
827-79-3874,Maura Alaniz,Soldier,"$27,936"
923-25-8585,Vernon Minnick,Carpet fitter,"$67,466"
223-56-4669,Fabiola Coward,Hairdresser,"$65,524"
818-94-1924,Jamey Briseno,Administrator,"$66,024"
188-28-7385,Reinaldo Delagarza,Firefighter,"$49,224"
761-57-7216,Jess Mccann,Baker,"$114,034"
476-76-1927,Hassie Flanagan,Teaching assistant,"$98,032"
541-75-8988,Georgine Guajardo,Homeopath,"$90,161"
614-26-2443,Concetta Swann,Security guard,"$100,318"
573-33-2157,Amado Timmons,Electrician,"$95,580"
179-93-5195,Elouise Rowell,Economist,"$42,574"
351-13-8976,Micheal Francisco,Tour guide,"$118,313"
598-65-9761,Sang Walden,Drug dealer,"$124,184"
381-88-4799,Clemmie Camp,Farmer,"$68,600"
391-68-2247,Glory Kirkpatrick,Judge,"$98,166"
546-12-3594,Ayesha Broadway,Retired,"$113,259"
843-21-5789,Sal Starr,Computer analyst,"$121,250"
155-11-8966,Loralee Holton,Architect,"$85,513"
272-79-5656,Jaclyn Durand,Civil servant,"$66,589"
678-96-6318,Lissa Mcdonough,Childminder,"$61,248"
826-73-8297,Jeanene Engel,Crown prosecutor,"$35,399"
847-85-1538,Sherise Culver,Beauty therapist,"$76,153"
951-82-3465,India Wadsworth,Publisher,"$64,238"
769-85-8985,Latanya Hook,Librarian,"$35,934"
545-95-4234,Dorinda Hulsey,Antique dealer,"$81,062"
141-79-4343,Rickie Earle,Bar staff,"$120,804"
977-61-9668,Nery Yancey,Lock keeper,"$120,041"
212-72-5987,Darcey Sisco,Genealogist,"$70,200"
113-28-1879,Lara Loftis,Career criminal,"$114,223"
948-99-1723,Michael Christy,Data processor,"$50,495"
717-85-1691,Nell Lara,Typist,"$38,427"
943-98-9585,Donovan Sprouse,Crematorium worker,"$34,241"
939-63-9632,Roy Dwyer,Barrister,"$28,688"
247-87-9279,Fransisca Berube,Financial advisor,"$96,558"
221-82-9327,Pandora Vo,Illustrator,"$51,359"
655-72-5384,Else Kasper,Building labourer,"$46,713"
945-12-5916,Patrick Keane,Lawyer,"$60,908"
154-44-2285,Adolph Trinidad,Tarot Reader,"$90,061"
343-12-2643,Tatiana Waddell,Marketing director,"$39,930"
866-39-1213,Ludie Batten,Artist,"$55,836"
947-88-3812,Joannie Noel,Marketing director,"$43,871"
668-35-2599,Yevette Sherrill,Bus driver,"$64,364"
356-56-1359,Gita Babb,Managing director,"$80,853"
535-47-7646,Kandis Faulk,Leaflet distributor,"$50,232"
815-17-1774,Bettie Mireles,Publisher,"$46,869"
246-72-8922,Lizbeth Laney,Social worker,"$112,606"
266-13-6587,Lexie Calhoun,Tax inspector,"$57,873"
264-42-2272,Elmer Biggs,Postal delivery worker,"$65,981"
127-42-3766,Roxie Coats,Data processor,"$80,472"
111-74-5479,Donette Manson,Lock keeper,"$111,195"
358-72-5281,Tawnya Main,Fisherman/woman,"$94,704"
185-84-7285,Jae Villa,Photographer,"$72,982"
463-54-7662,Henry Kidd,Sportsperson,"$53,074"
264-62-7914,Shayne Donaldson,Art historian,"$51,956"
914-97-3234,Ashleigh Himes,Bus driver,"$44,176"
411-79-9463,Tawna Burrow,Coastguard,"$86,992"
348-57-2651,Felipa Pride,Chiropodist,"$57,890"
924-46-8837,Illa Mark,Decorator,"$123,637"
638-16-2865,Dani Jung,Business consultant,"$108,240"
734-35-9799,Odelia Medeiros,Childcare worker,"$83,504"
625-75-6999,Melissia Battles,Bailiff,"$92,333"
762-12-6763,Piedad Ibarra,Astrologer,"$103,348"
683-29-6339,Cari Champion,Cabin crew,"$105,849"
437-65-1568,Prudence Wallis,Meteorologist,"$71,098"
948-25-9959,Shenika Paz,Dressmaker,"$119,778"
445-44-8735,Maxima Maher,Publican,"$123,947"
775-77-1886,Neva Jewell,Groom,"$77,806"
475-53-7143,Tinisha Cooke,Dressmaker,"$120,892"
145-61-8226,Clarisa Morrill,Pilot,"$105,003"
745-81-2679,Colby Fitch,Childminder,"$28,653"
769-12-3378,Michel Mosby,Police officer,"$27,565"
811-82-5518,Carissa Hinson,Heating engineer,"$92,086"
382-78-1169,Cordie Parry,Tailor,"$121,733"
793-22-7769,Ara Flood,Labourer,"$105,228"
991-33-6988,Mitch Grayson,Stockbroker,"$63,812"
239-91-8957,Rey Holloman,Crown prosecutor,"$95,301"
748-21-3823,Phebe Renteria,Firefighter,"$33,449"
895-49-3332,Pattie Self,Barber,"$53,058"
221-65-6131,Zonia Cheng,Antique dealer,"$36,553"
269-76-2574,Elmira Mercer,Psychiatrist,"$81,445"
156-82-8254,Leo Belcher,Building labourer,"$25,859"
547-28-9647,Valorie Lind,Business owner,"$118,053"
851-75-6492,Emelda Switzer,Economist,"$82,000"
115-39-3884,Angele Herring,Delivery driver,"$50,292"
527-57-2214,Kristle Tellez,School meals supervisor,"$34,786"
693-31-5259,Emile Oswald,Local govt worker,"$112,122"
238-18-2211,Maile Reynoso,Business consultant,"$63,402"
111-14-2922,Casandra Deluca,Locksmith,"$81,701"
221-99-7661,Mayra Matteson,Park ranger,"$60,806"
195-46-1176,Mi Leach,Chimney sweep,"$124,569"
291-52-6169,Brock Pack,Comedian,"$60,930"
717-65-8569,Loise Winfrey,Car wash attendant,"$48,784"
966-33-1678,Alanna Noland,Television presenter,"$90,707"
876-95-1643,Kaycee Schwab,Counsellor,"$77,746"
795-67-8282,Janeth Hoang,Psychiatrist,"$39,934"
728-74-2611,Mollie Carswell,Salesperson,"$98,305"
946-32-3973,Evon Mcmurray,Car dealer,"$53,514"
693-13-2631,Laurel Tolbert,Merchant navy personnel,"$64,485"
812-85-7997,Keith Milam,Dental nurse,"$30,821"
292-72-5465,Eleanore Burgos,Tattooist,"$31,686"
418-68-5562,Toshiko Slack,Gamekeeper,"$34,238"
551-33-8889,Fairy Berlin,Surgeon,"$87,510"
877-86-9179,Phuong Angel,Chiropodist,"$84,846"
419-21-9164,Betsey Hutchinson,Courier,"$51,887"
862-34-3411,Hulda Menendez,Childminder,"$54,475"
867-11-9317,Rubie Ashcraft,Computer programmer,"$77,506"
959-14-7541,Kyung Dove,Homeopath,"$116,229"
321-56-7148,Davida Pulido,Police officer,"$36,945"
536-28-7359,Ardelia Farnsworth,Astronomer,"$65,388"
592-73-4781,Rena Halsey,Actor,"$76,833"
154-84-2231,Alvina Teal,Director,"$108,148"
541-67-2857,Jonas Roche,Crane driver,"$77,711"
794-89-5984,Christene Hanlon,Lift engineer,"$42,099"
729-35-7484,Anthony Moeller,Advertising executive,"$30,487"
892-49-1171,Joane Tomlinson,Data processor,"$84,740"
831-19-7996,Evelin Blanchard,Psychiatrist,"$63,017"
371-84-9297,Nelia Meehan,Politician,"$94,872"
273-84-3818,Tayna Skipper,Car wash attendant,"$66,385"
796-67-3813,Kami Haag,Software consultant,"$32,409"
113-84-4158,Louisa Ahrens,Traffic warden,"$74,770"
692-52-1945,Allene Waldrop,Childrens entertainer,"$49,758"
624-76-3539,Julieann Peterman,Prison officer,"$68,835"
778-37-2297,Deandra Medley,Cartoonist,"$44,870"
138-71-3737,Mara Coker,Sportsperson,"$83,743"
352-47-5144,Serita Buck,Grave digger,"$98,739"
499-19-5458,Bertram Flemming,Professor,"$29,462"
129-73-3144,Sacha Morey,Baggage handler,"$120,300"
673-39-4839,Brittni Carden,Broadcaster,"$41,839"
492-44-5674,Shayla Burge,Astronomer,"$84,383"
559-19-1334,Jarrod Messenger,Nun,"$85,491"
824-46-6582,Louella Navarrete,Builder,"$55,913"
265-29-6788,Indira Rauch,Tattooist,"$70,067"
491-51-5912,Ariel Kong,Travel agent,"$33,470"
533-54-3168,Janise Proffitt,Waiting staff,"$28,393"
516-26-2258,Hortencia Graff,Hypnotherapist,"$100,518"
158-51-7348,Francisca Folse,Bank manager,"$70,058"
141-85-4578,Jenice Nielsen,Immigration officer,"$100,171"
233-69-7682,Argelia Cambell,Construction worker,"$28,710"
192-78-4113,Missy Fiore,Car dealer,"$65,153"
468-37-7671,Marylin Boudreaux,Housekeeper,"$72,162"
524-37-7395,Danette Baxter,Dancer,"$33,429"
768-76-9279,Drucilla Delagarza,Soldier,"$55,993"
521-41-2319,Dionne Lachance,Chef,"$34,127"
631-87-2312,Vernice Thomson,Missionary,"$49,477"
148-73-5848,Romeo Drury,Courier,"$119,159"
919-65-5257,Johanne Niles,Receptionist,"$114,736"
865-98-3913,Maricela Shields,Printer,"$63,237"
762-88-7224,Tyron Crum,Careers advisor,"$77,615"
316-18-8591,Ludivina Mcgovern,Kennel worker,"$31,449"
164-89-4497,Agustina Switzer,Nun,"$91,364"
635-53-6722,Nancie Greenlee,Barber,"$46,429"
665-86-6794,Lorita Neely,Chimney sweep,"$59,648"
596-92-1359,Reiko Kaplan,Meteorologist,"$57,481"
722-73-1534,Almeta Vo,Au pair,"$65,569"
362-84-9581,Veronique Hundley,Researcher,"$112,804"
292-39-8723,Asa Tillman,Clerical assistant,"$48,456"
579-53-6439,Nannie Medeiros,Counsellor,"$92,579"
354-11-3457,Miki Kowalski,Street entertainer,"$89,444"
373-45-3629,Stacia Simons,Speech therapist,"$59,317"
664-49-8199,Estefana Cuellar,Fitness instructor,"$60,431"
421-42-8521,Allegra Moulton,Astrologer,"$75,299"
922-81-5321,Tristan Avila,Teacher,"$90,273"
373-54-2635,Merlene Higgs,Director,"$87,339"
143-15-7553,Tiffani Self,Locksmith,"$35,522"
575-23-6182,Mohammad Graf,Financial advisor,"$46,765"
623-16-4823,Corrie Bedford,Advertising executive,"$56,072"
923-51-7466,Isis Driscoll,Refuse collector,"$42,087"
921-77-4557,Wonda Fugate,Legal secretary,"$121,554"
285-48-3392,Lilly Warden,Homemaker,"$34,709"
881-72-7687,Cathey Ashby,Labourer,"$65,388"
891-36-5865,Jarod Culbertson,Lecturer,"$104,898"
627-34-8313,Cecil Herr,Kennel worker,"$47,716"
316-45-8211,Jenette Grubbs,Psychiatrist,"$27,420"
775-52-9269,Keith Cornelius,Pathologist,"$59,211"
581-81-4564,Helga Agee,Producer,"$80,155"
267-96-4262,Fonda Pruitt,Bailiff,"$55,964"
668-16-3488,Nicki Pressley,Chauffeur,"$117,808"
419-72-9456,Charolette Jarrell,Councillor,"$86,469"
379-14-7555,Ouida Prince,Health visitor,"$67,540"
856-22-1435,Desire Tam,Labourer,"$110,693"
895-13-4854,Chantay Birch,Fairground worker,"$41,071"
512-91-9191,Verena Derrick,Oil rig crew,"$34,160"
912-96-2419,Blake Bellamy,Travel agent,"$42,610"
894-39-5948,Cruz Jasper,Scientist,"$101,725"
394-19-1341,Estell Crocker,Cabin crew,"$65,818"
688-75-1846,Dodie Vines,Medical student,"$36,505"
777-31-8874,Eugene Franco,Traffic warden,"$57,392"
911-77-9451,Lawanda Kent,Company director,"$121,259"
246-12-1788,Jacquetta Hamm,Literary agent,"$119,855"
784-69-2659,Patricia Hull,Housekeeper,"$78,723"
377-54-6973,Particia Rafferty,Auctioneer,"$29,426"
711-17-3959,Ka Asher,Barber,"$73,024"
252-99-6797,Nena Mark,Cook,"$108,544"
616-76-5598,Jonna Fortune,Casual worker,"$68,591"
835-44-5463,Lacey Connor,Scaffolder,"$88,176"
728-23-8952,Ethan Steward,Telephonist,"$119,872"
837-24-9271,Codi Helton,Teacher,"$50,363"
596-33-9138,Harrison Dodson,Genealogist,"$114,381"
123-64-4876,Ina Orlando,Independent means,"$83,143"
673-42-7926,Aleen Mcswain,Psychiatrist,"$34,853"
167-78-4298,Karry Keegan,Singer,"$85,847"
856-75-8899,Eloy Gass,Lap dancer,"$49,998"
729-45-2496,Alane Buford,Business consultant,"$43,814"
293-72-4259,Maxima Jarrett,Cartoonist,"$59,408"
867-27-4969,Idella Justus,Croupier,"$94,707"
821-73-2562,Christian Jay,Debt collector,"$100,639"
926-61-3141,Tyrell Mackie,Park ranger,"$84,104"
847-55-6292,Elfrieda Dukes,Composer,"$118,712"
882-49-8178,Charmaine Quinones,Art critic,"$64,116"
718-56-6969,Rina Guevara,Casual worker,"$35,137"
498-53-8646,Candie Lundberg,Jewellery maker,"$80,713"
568-54-2659,Marcelene Delatorre,Secretary,"$34,670"
142-63-8721,Adelia Machado,Lecturer,"$89,812"
241-85-3797,Felica Fairley,Crematorium worker,"$94,400"
893-47-4863,Sixta Ralston,Librarian,"$42,406"
552-24-5415,Michale Bigelow,Traffic warden,"$33,412"
468-81-7791,Cinda Bird,Handyman,"$42,583"
152-62-8598,Breana Irizarry,Councillor,"$45,251"
347-49-7145,Juliette Rapp,Conservationist,"$92,611"
716-91-7919,Lashon Kenyon,Heating engineer,"$118,063"
689-84-1644,Ming Mccann,Preacher,"$67,604"
727-37-4678,Cheryll Barbour,Salesperson,"$69,424"
667-77-8455,Leopoldo Light,Bookmaker,"$83,828"
122-41-4792,Jani Beckman,Inventor,"$33,999"
787-82-6473,Nu Paxton,Coroner,"$48,718"
443-13-9525,Ruthie Daugherty,Chemist,"$110,906"
814-96-9116,Kori Billingsley,Plasterer,"$96,122"
778-81-9879,Tarsha Rinaldi,Brewer,"$54,989"
934-16-2328,Ileen Wagoner,Moneylender,"$31,628"
866-51-6856,Davida Tennant,Special constable,"$102,847"
136-82-6485,Gertrudis Flannery,Childminder,"$56,164"
367-29-6798,Gricelda Petersen,Telephonist,"$55,630"
848-28-4216,Janella Dyson,Window cleaner,"$47,599"
751-24-8712,Corrinne Weiss,Osteopath,"$65,095"
872-99-8413,Malcom Lockwood,Marketing director,"$53,556"
542-38-4371,Altagracia Tong,Author,"$63,909"
723-69-3612,Ilse Levy,Immigration officer,"$103,544"
485-66-4139,Donetta Wheaton,Magician,"$46,085"
681-32-9815,Stacy Blais,Events organiser,"$116,731"
271-63-8747,Latosha Mcconnell,Genealogist,"$67,530"
563-56-5333,Marylyn Gallagher,Careers advisor,"$44,817"
469-63-1977,Lea Worthington,Radio presenter,"$80,504"
524-27-1569,Burl Cates,Plasterer,"$80,280"
238-48-7938,Caryn Bourque,Cashier,"$50,659"
361-44-5749,Annalee Hutton,Secretary,"$34,456"
353-36-5346,Haywood Roman,Gas fitter,"$88,729"
661-32-2692,Agripina Mclean,Bank manager,"$81,868"
627-88-8175,Leonore Compton,Carpet fitter,"$41,202"
421-26-7263,Afton Gilchrist,Retired,"$64,306"
851-75-4323,Marva Perron,Farm worker,"$91,779"
362-55-9357,Arnette Wasson,Prison officer,"$99,118"
452-23-9117,Marquerite Vickers,Designer,"$113,478"
222-86-5135,Darell Spearman,Delivery driver,"$88,913"
484-41-5785,Sanora Navarrete,Reporter,"$53,395"
198-88-8855,Launa Luce,Tarot Reader,"$123,450"
375-61-9452,Sam Pennington,Farm worker,"$71,478"
485-85-5494,Lupe Bratton,Road sweeper,"$29,317"
915-72-1442,Margherita Renner,Home-worker,"$95,815"
696-12-7811,Shanon Oakes,Comedian,"$78,902"
413-47-2667,Pamala Garmon,Pop star,"$115,051"
328-87-6287,Savannah Devlin,Merchant navy personnel,"$74,026"
163-29-5324,Claudine Provost,Osteopath,"$39,953"
815-96-1674,Zulma Gates,Electrician,"$115,039"
381-59-9937,Elna Shields,Book-keeper,"$32,990"
522-82-8393,Cythia Lott,Bookmaker,"$117,439"
595-95-9234,Suzie Le,Fairground worker,"$103,755"
815-75-8996,Ali Travis,Lap dancer,"$75,358"
339-69-4827,Glennis Goldberg,Gardener,"$99,179"
453-85-3853,Ned Traylor,Lorry driver,"$113,696"
169-92-1872,Verdell Fonseca,Immigration officer,"$35,356"
983-61-5458,Bong Dugan,Cashier,"$119,999"
151-29-7575,Louanne Clanton,Street entertainer,"$41,903"
649-24-2661,Andrew Singh,Toilet attendant,"$94,465"
183-26-3462,Yi Samuel,Street entertainer,"$35,617"
931-27-3437,Chantell Shore,Butcher,"$119,834"
235-45-9395,Reed Thurman,Tour guide,"$28,874"
665-22-2965,Shaun Blaine,Dentist,"$57,890"
297-19-5344,Mia Medley,Circus worker,"$71,317"
187-81-3992,Libbie Wetzel,Management consultant,"$81,981"
933-37-4246,Isabell Allred,Diver,"$105,419"
536-85-4496,Kirsten Hornsby,Mortician,"$37,841"
999-91-1129,Eustolia Stauffer,Driving instructor,"$114,571"
739-15-8676,Augustus Cousins,Catering staff,"$43,742"
254-53-8244,Josefa Forrester,Television presenter,"$73,299"
573-19-2137,Nieves Ives,IT consultant,"$95,875"
412-57-8455,Kathern John,Flying instructor,"$108,613"
958-91-4932,Colby Mixon,Cabin crew,"$118,735"
667-83-3672,Tanika Rouse,Street entertainer,"$32,413"
487-94-6367,Svetlana Ames,Telephonist,"$42,716"
588-25-1219,Hae Schreiber,Engineer,"$90,289"
136-94-5722,Azucena Rector,Doorman,"$45,700"
379-71-8413,Dovie Bowling,Machinist,"$77,264"
891-84-1681,Merrill Patten,Typist,"$106,304"
529-14-8212,Zada Dunbar,Casual worker,"$103,104"
678-74-6142,Alina Sanderson,Craftsperson,"$46,767"
676-85-3515,Jamee Jeffrey,Market trader,"$103,950"
258-55-5867,Jerica Durr,Company director,"$48,009"
948-88-6641,Virgilio Wentz,Delivery driver,"$92,359"
271-53-5269,Tyron Guenther,Scaffolder,"$69,967"
378-54-6499,Sydney Wynne,Retired,"$51,333"
768-66-5223,Ying Roderick,Cabinet maker,"$99,349"
683-57-5284,Alaine Echols,Estate agent,"$28,471"
966-45-1373,Shanna Steadman,Baggage handler,"$105,497"
774-17-1368,Li Orosco,Software consultant,"$123,763"
972-31-4818,Elissa Bohannon,Photographer,"$79,896"
271-27-8421,Hyman Boland,Manicurist,"$70,933"
853-55-1761,Tyra Lackey,Taxi driver,"$97,695"
722-52-3369,Ilda Ingle,Kennel worker,"$49,767"
274-57-7491,Mitsuko Parson,Porter,"$74,270"
367-27-7514,Danae Polk,Medical student,"$108,562"
631-44-9954,Gavin Hester,Model,"$119,370"
721-23-7817,Arianna Borges,Prostitute,"$101,308"
752-26-6415,Janae Whitley,Heating engineer,"$34,997"
696-37-2384,German Aragon,Computer analyst,"$33,536"
166-83-2616,Kendall Gant,Archivist,"$41,695"
169-46-2319,Haley Kendrick,Computer analyst,"$116,840"
417-76-4188,Marissa Turpin,Bricklayer,"$70,810"
423-26-7768,Lita Manzo,Managing director,"$101,394"
189-38-1117,Charmain Siler,Childminder,"$83,159"
987-31-3511,Lacy Hedrick,Musician,"$106,322"
429-93-3198,Huey Ison,Anthropologist,"$45,485"
145-65-2778,Rayna Earl,Dancer,"$67,899"
171-32-4914,Eldridge Lombardo,Health visitor,"$79,194"
749-36-2869,Carlotta Ratcliff,Au pair,"$108,743"
991-17-6694,Marry Leslie,Factory worker,"$96,790"
336-32-7775,Granville Kraft,Model,"$92,696"
467-48-1588,Gaylene Barela,Economist,"$74,054"
142-44-6437,Doria Seal,Art dealer,"$61,591"
356-59-3427,Wendie Sisco,Groom,"$63,112"
859-45-3558,Valorie Abell,Dietician,"$113,092"
411-11-5976,Melany Fortune,Merchant navy personnel,"$115,150"
736-97-3636,Cayla Loftin,Conservationist,"$98,856"
482-89-3348,Mirna Cagle,Researcher,"$84,002"
997-37-8911,Florentino Cartwright,Housekeeper,"$81,503"
477-25-2556,Suzy Richey,Events organiser,"$46,669"
359-19-7657,Shakira Blevins,Publican,"$75,234"
